old_type,new_type,main_category,notes
Adult Entertainment Store,Adult Retail Store,Adult-oriented Services,
Adult Video Rental,Adult Retail Store,Adult-oriented Services,
Body Rub Parlour / Body Painting / Model Studio,Adult Services,Adult-oriented Services,
Exotic Dancer,Adult Services,Adult-oriented Services,
Social Escort,Adult Services,Adult-oriented Services,
Social Escort Services,Adult Services,Adult-oriented Services,
Urban Farm Class A,Urban Farm Class A Urban Farm Class B,Agriculture,
Urban Farm Class B,Urban Farm Class A Urban Farm Class B,Agriculture,
Model Agency,Artist Agency,"Arts, Culture and Creative Industries",
Talent Agency,Artist Agency,"Arts, Culture and Creative Industries",
Booking Agency,Artist Agency,"Arts, Culture and Creative Industries",
Song Writer,Artist,"Arts, Culture and Creative Industries",
Writer / Editor,Artist,"Arts, Culture and Creative Industries",
Actor / Stunt Person,Artist,"Arts, Culture and Creative Industries",
Children’s Entertainment,Artist,"Arts, Culture and Creative Industries",
Face Painting,Artist,"Arts, Culture and Creative Industries",
Composer,Artist,"Arts, Culture and Creative Industries",
Disc Jockey,Artist,"Arts, Culture and Creative Industries",
Entertainment Services (Other),Artist,"Arts, Culture and Creative Industries",
Homecraft,Artist,"Arts, Culture and Creative Industries",
Artist,Artist,"Arts, Culture and Creative Industries",
Photographer,Artist,"Arts, Culture and Creative Industries",
Artist Studio,Artist Studio,"Arts, Culture and Creative Industries",
Artist Live/ Work Studio,Artist Studio,"Arts, Culture and Creative Industries",
Performing Arts Studio,Artist Studio,"Arts, Culture and Creative Industries",
Studio (Other),Artist Studio,"Arts, Culture and Creative Industries",
Interior Designer,Design Services,"Arts, Culture and Creative Industries",
Interior Decorator,Design Services,"Arts, Culture and Creative Industries",
Graphic Artist,Design Services,"Arts, Culture and Creative Industries",
Design Company,Design Services,"Arts, Culture and Creative Industries",
,Creative Products Manufacturer,"Arts, Culture and Creative Industries",N/A – new proposed category to align with the Zoning and Development By-law
Assembly Hall,Hall / Spectator Sports Venue,"Arts, Culture and Creative Industries",
Dance Hall,Hall / Spectator Sports Venue,"Arts, Culture and Creative Industries",
Recording Studio,"Photography, Production and Rehearsal Studio","Arts, Culture and Creative Industries",
Portrait / Photography Studio,"Photography, Production and Rehearsal Studio","Arts, Culture and Creative Industries",
Production (Other),"Photography, Production and Rehearsal Studio","Arts, Culture and Creative Industries",
Film Production,"Photography, Production and Rehearsal Studio","Arts, Culture and Creative Industries",
Music Production,"Photography, Production and Rehearsal Studio","Arts, Culture and Creative Industries",
TV Production,"Photography, Production and Rehearsal Studio","Arts, Culture and Creative Industries",
Video Production,"Photography, Production and Rehearsal Studio","Arts, Culture and Creative Industries",
Radio Station,"Photography, Production and Rehearsal Studio","Arts, Culture and Creative Industries",
Recording / Duplication,"Photography, Production and Rehearsal Studio","Arts, Culture and Creative Industries",
Entertainment Services (Producer),"Photography, Production and Rehearsal Studio","Arts, Culture and Creative Industries",
Educational Services (Film),"Photography, Production and Rehearsal Studio","Arts, Culture and Creative Industries",
TV Station,"Photography, Production and Rehearsal Studio","Arts, Culture and Creative Industries",
Desk-top Publishing,Publishing and Journalism Services,"Arts, Culture and Creative Industries",
Press / Media / Reporter,Publishing and Journalism Services,"Arts, Culture and Creative Industries",
Publisher,Publishing and Journalism Services,"Arts, Culture and Creative Industries",
Aquarium,Exhibition Centre,"Arts, Culture and Creative Industries",
Theatre (Live),Theatre,"Arts, Culture and Creative Industries",
Theatre (Neighbourhood),Theatre,"Arts, Culture and Creative Industries",
Theatre (Adult),Theatre,"Arts, Culture and Creative Industries",
Theatre (Other),Theatre,"Arts, Culture and Creative Industries",
Electrical Temporary Filming,Temporary Filming Company,"Arts, Culture and Creative Industries",
Contractor - Framing,General Contractor,Construction,
Contractor – Alteration and Repair,General Contractor,Construction,
Contractor - Building,General Contractor,Construction,
Contractor - Other,General Contractor,Construction,
Contractor - Special Trades - Signs,General Contractor,Construction,
Contractor - Special Trades - Glazier,General Contractor,Construction,
Contractor - Special Trades - Stucco,General Contractor,Construction,
Contractor - Special Trades - Installation,General Contractor,Construction,
Contractor - Special Trades - Masonry,General Contractor,Construction,
Contractor - Special Trades - Insulation,General Contractor,Construction,
Contractor - Special Trades - Air Conditioning,General Contractor,Construction,
Contractor - Special Trades - Refrigeration,General Contractor,Construction,
Contractor - Special Trades – Tiler,General Contractor,Construction,
Contractor - Special Trades - Flooring,General Contractor,Construction,
Contractor - Special Trades - Irrigation,General Contractor,Construction,
Contractor - Special Trades - Other,General Contractor,Construction,
Contractor - Special Trades - Demolition / Excavation,General Contractor,Construction,
Equipment Operator,General Contractor,Construction,
Roofer - Residential Building,General Contractor,Construction,
Roofer - Other,General Contractor,Construction,
Roofer - Commercial Building,General Contractor,Construction,
Painter,General Contractor,Construction,
Landscape Gardener,General Contractor,Construction,
Plant/Tree Maintenance,General Contractor,Construction,
Plant/Tree Removal,General Contractor,Construction,
Development Company,General Contractor,Construction,
Project Management,General Contractor,Construction,
Electrical - Security Alarm Installation,Trade Contractor,Construction,
Sprinkler and Gas Contractor,Trade Contractor,Construction,
Sprinkler Contractor,Trade Contractor,Construction,
Gas Contractor,Trade Contractor,Construction,
Plumber,Trade Contractor,Construction,
Plumber and Gas Contractor,Trade Contractor,Construction,
Plumber and Sprinkler Contractor,Trade Contractor,Construction,
"Plumber, Sprinkler and Gas Contractor",Trade Contractor,Construction,
Electrical Contractor,Trade Contractor,Construction,
Computer Services (Animation),Digital Entertainment and Interactive Technology,Digital Entertainment and Information Communication Technology,
Computer Services (Graphics),Digital Entertainment and Interactive Technology,Digital Entertainment and Information Communication Technology,
Computer Services (Design),Digital Entertainment and Interactive Technology,Digital Entertainment and Information Communication Technology,
Computer Services (Internet),Digital Entertainment and Interactive Technology,Digital Entertainment and Information Communication Technology,
Computer Services (Software),Information Communication Technology,Digital Entertainment and Information Communication Technology,
Computer Services (Analysis),Information Communication Technology,Digital Entertainment and Information Communication Technology,
Computer Services (Programming),Information Communication Technology,Digital Entertainment and Information Communication Technology,
Computer Services (Network),Information Communication Technology,Digital Entertainment and Information Communication Technology,
Computer Services (Information),Information Communication Technology,Digital Entertainment and Information Communication Technology,
Computer Services (Integration),Information Communication Technology,Digital Entertainment and Information Communication Technology,
Computer Services (Data Processing),Information Communication Technology,Digital Entertainment and Information Communication Technology,
Computer Services (Database Management),Information Communication Technology,Digital Entertainment and Information Communication Technology,
Computer Services (Other),Information Communication Technology,Digital Entertainment and Information Communication Technology,
Telecommunications (Communications),Information Communication Technology,Digital Entertainment and Information Communication Technology,
Telecommunications (Long Distance),Information Communication Technology,Digital Entertainment and Information Communication Technology,
Telecommunications (Service),Information Communication Technology,Digital Entertainment and Information Communication Technology,
Telecommunications (Others),Information Communication Technology,Digital Entertainment and Information Communication Technology,
Limited Service Food Establishment,Limited Service Food Establishment,Dining and Drinking Establishment,
Concession Stand,Limited Service Food Establishment,Dining and Drinking Establishment,
Extended Hours Liquor Establishment – Class 1,Liquor Establishment,Dining and Drinking Establishment,
Extended Hours Liquor Establishment – Class 2,Liquor Establishment,Dining and Drinking Establishment,
Extended Hours Liquor Establishment – Class 3,Liquor Establishment,Dining and Drinking Establishment,
Extended Hours Liquor Establishment – Class 4,Liquor Establishment,Dining and Drinking Establishment,
Extended Hours Liquor Establishment – Class 5,Liquor Establishment,Dining and Drinking Establishment,
Extended Hours Liquor Establishment – Class 6,Liquor Establishment,Dining and Drinking Establishment,
Extended Hours Liquor Establishment – Class 7,Liquor Establishment,Dining and Drinking Establishment,
Standard Hours Liquor Establishment – Class 1,Liquor Establishment,Dining and Drinking Establishment,
Standard Hours Liquor Establishment – Class 2,Liquor Establishment,Dining and Drinking Establishment,
Standard Hours Liquor Establishment – Class 3,Liquor Establishment,Dining and Drinking Establishment,
Standard Hours Liquor Establishment – Class 4,Liquor Establishment,Dining and Drinking Establishment,
Standard Hours Liquor Establishment – Class 5,Liquor Establishment,Dining and Drinking Establishment,
Standard Hours Liquor Establishment – Class 6,Liquor Establishment,Dining and Drinking Establishment,
Standard Hours Liquor Establishment – Class 7,Liquor Establishment,Dining and Drinking Establishment,
Standard Hours Liquor Establishment – Class 8,Liquor Establishment,Dining and Drinking Establishment,
Stadium,Venue,Dining and Drinking Establishment,
Arena,Venue,Dining and Drinking Establishment,
Concert Hall,Venue,Dining and Drinking Establishment,
Theatre,Venue,Dining and Drinking Establishment,
Performance Stage,Venue,Dining and Drinking Establishment,
Venue (Other),Venue,Dining and Drinking Establishment,
Restaurant Class 1 – No Liquor Service,Restaurant,Dining and Drinking Establishment,
Restaurant Class 1 – With Liquor Service,Restaurant,Dining and Drinking Establishment,
Restaurant Class 2 – No Liquor Service,Restaurant,Dining and Drinking Establishment,
Restaurant Class 2 – With Liquor Service,Restaurant,Dining and Drinking Establishment,
Acting / Drama Instruction,Arts and Creative Instruction,Education / Instruction,
Art Instruction,Arts and Creative Instruction,Education / Instruction,
Craft Instruction,Arts and Creative Instruction,Education / Instruction,
Music Teacher,Arts and Creative Instruction,Education / Instruction,
Writing Instruction,Arts and Creative Instruction,Education / Instruction,
Language Instruction,Arts and Creative Instruction,Education / Instruction,
ESL Instruction (under 18),Arts and Creative Instruction,Education / Instruction,
ESL Instruction (over 18),Arts and Creative Instruction,Education / Instruction,
Training Facilities (Educational),Arts and Creative Instruction,Education / Instruction,
Business Instruction,Business and Vocational Instruction,Education / Instruction,
Computer Instruction,Business and Vocational Instruction,Education / Instruction,
Tutoring,Business and Vocational Instruction,Education / Instruction,
Automotive Technology,Business and Vocational Instruction,Education / Instruction,
Driving Office,Business and Vocational Instruction,Education / Instruction,
Driving School,Business and Vocational Instruction,Education / Instruction,
Trade School,Business and Vocational Instruction,Education / Instruction,
Business School,Business and Vocational Instruction,Education / Instruction,
Training Facilities (Educational),Business and Vocational Instruction,Education / Instruction,
Cycling Instruction,Sports and Fitness Instruction,Education / Instruction,
Hockey Instruction,Sports and Fitness Instruction,Education / Instruction,
Soccer Instruction,Sports and Fitness Instruction,Education / Instruction,
Boating Instruction,Sports and Fitness Instruction,Education / Instruction,
Gymnastics Instruction,Sports and Fitness Instruction,Education / Instruction,
Tennis Instruction,Sports and Fitness Instruction,Education / Instruction,
Diving Instruction,Sports and Fitness Instruction,Education / Instruction,
Fitness Instruction,Sports and Fitness Instruction,Education / Instruction,
Riding Instruction,Sports and Fitness Instruction,Education / Instruction,
Windsurfing Instruction,Sports and Fitness Instruction,Education / Instruction,
Martial Arts Instruction,Sports and Fitness Instruction,Education / Instruction,
Rowing Instruction,Sports and Fitness Instruction,Education / Instruction,
Dance Instruction,Sports and Fitness Instruction,Education / Instruction,
Dance Academy,Sports and Fitness Instruction,Education / Instruction,
Instruction (Other),Sports and Fitness Instruction,Education / Instruction,
School - Private,Private School or College,Education / Instruction,
Automobile / Motorcycle Racing,Special Events,Events,
Circus / Rodeo,Special Events,Events,
Show/Contest,Special Events,Events,
Boxing,Special Events,Events,
Exhibition/Show/Concert (Others),Special Events,Events,
Concert (500 people),Special Events,Events,
"Concert (501 to 1,000 people)",Special Events,Events,
"Concert (1,001 to 2,000 people)",Special Events,Events,
"Concert (More than 2,000 people)",Special Events,Events,
Arts & Culture Indoor Event,Special Events,Events,
"Late Night Dance Event (2,000 or more persons)",Special Events,Events,
"Late Night Dance Event (750 to 1,999 persons)",Special Events,Events,
Late Night Dance Event (350 to 749 persons),Special Events,Events,
Late Night Dance Event (Less than 350 persons),Special Events,Events,
Pacific National Exhibition Annual Fair (PNE),Special Events,Events,
Hair Removal,Beauty Services,Health and Beauty,
Hair Replacement,Beauty Services,Health and Beauty,
Cosmetologist - Esthetician,Beauty Services,Health and Beauty,
Make-up,Beauty Services,Health and Beauty,
Hair-piece Specialist,Beauty Services,Health and Beauty,
Beauty Services (Other),Beauty Services,Health and Beauty,
Cosmetologist - Nail Technician,Beauty Services,Health and Beauty,
Ear Piercing,Beauty Services,Health and Beauty,
Laser Therapy,Beauty Services,Health and Beauty,
Cosmetologist - Hair Stylist / Hairdresser,Beauty Services,Health and Beauty,
Barber Shop/Beauty Salon,Beauty Services,Health and Beauty,
Beauty and Wellness Centre,Beauty Services,Health and Beauty,
Tattoo Parlour,Beauty Services,Health and Beauty,
Tanning Salon,Beauty Services,Health and Beauty,
Health Enhancement Centre,Health Enhancement Services,Health and Beauty,
Therapeutic Touch Technique,Health Enhancement Services,Health and Beauty,
Steam Bath,Health Enhancement Services,Health and Beauty,
Health Care Facility,Health Care Facility,Health Care and Social Assistance,
Private Hospital,Health Care Facility,Health Care and Social Assistance,
Personal Care Home,Health Care Facility,Health Care and Social Assistance,
Physician/Surgeon,Health Care Professionals and Services,Health Care and Social Assistance,
Psychiatrist,Health Care Professionals and Services,Health Care and Social Assistance,
Oculist/Eye Surgeon,Health Care Professionals and Services,Health Care and Social Assistance,
Podiatrist,Health Care Professionals and Services,Health Care and Social Assistance,
Dentist,Health Care Professionals and Services,Health Care and Social Assistance,
Denturist,Health Care Professionals and Services,Health Care and Social Assistance,
Naturopathic Doctor,Health Care Professionals and Services,Health Care and Social Assistance,
Art Therapist,Health Care Professionals and Services,Health Care and Social Assistance,
Audiologist,Health Care Professionals and Services,Health Care and Social Assistance,
Chiropractor/Chiropodist,Health Care Professionals and Services,Health Care and Social Assistance,
Counselling,Health Care Professionals and Services,Health Care and Social Assistance,
Dance Therapist,Health Care Professionals and Services,Health Care and Social Assistance,
Wellness Testing,Health Care Professionals and Services,Health Care and Social Assistance,
Enema Service/Colonic Irrigation,Health Care Professionals and Services,Health Care and Social Assistance,
First Aid Service,Health Care Professionals and Services,Health Care and Social Assistance,
Health Services - Fitness,Health Care Professionals and Services,Health Care and Social Assistance,
Massage Therapist,Health Care Professionals and Services,Health Care and Social Assistance,
Home Care,Health Care Professionals and Services,Health Care and Social Assistance,
Hypnotist,Health Care Professionals and Services,Health Care and Social Assistance,
Mastectomy Testing,Health Care Professionals and Services,Health Care and Social Assistance,
Midwife,Health Care Professionals and Services,Health Care and Social Assistance,
Horticultural Therapy,Health Care Professionals and Services,Health Care and Social Assistance,
Nursing Service,Health Care Professionals and Services,Health Care and Social Assistance,
Occupational Therapy,Health Care Professionals and Services,Health Care and Social Assistance,
Ocularist/Artificial Eye Service,Health Care Professionals and Services,Health Care and Social Assistance,
Optometrist/Optician,Health Care Professionals and Services,Health Care and Social Assistance,
Psychologist,Health Care Professionals and Services,Health Care and Social Assistance,
Recreational Therapy,Health Care Professionals and Services,Health Care and Social Assistance,
Respiratory Therapy,Health Care Professionals and Services,Health Care and Social Assistance,
Sample Collection,Health Care Professionals and Services,Health Care and Social Assistance,
Social Worker,Health Care Professionals and Services,Health Care and Social Assistance,
Speech Pathologist,Health Care Professionals and Services,Health Care and Social Assistance,
Physical Therapist,Health Care Professionals and Services,Health Care and Social Assistance,
Health Services (Other),Health Care Professionals and Services,Health Care and Social Assistance,
Pharmaceutical Evaluation,Health Care Professionals and Services,Health Care and Social Assistance,
Acupuncturist,Health Care Professionals and Services,Health Care and Social Assistance,
Herbalist,Health Care Professionals and Services,Health Care and Social Assistance,
Traditional Chinese Medicine Practitioner,Health Care Professionals and Services,Health Care and Social Assistance,
Product Assembly,"Non-Food Manufacturing, Assembling and Processing",Manufacturing and Catering,
Manufacturer (Wood Products),"Non-Food Manufacturing, Assembling and Processing",Manufacturing and Catering,
Manufacturer (Metal Products),"Non-Food Manufacturing, Assembling and Processing",Manufacturing and Catering,
Sheet Metal Works,"Non-Food Manufacturing, Assembling and Processing",Manufacturing and Catering,
Manufacturer (Paper Products),"Non-Food Manufacturing, Assembling and Processing",Manufacturing and Catering,
Manufacturer (Garments),"Non-Food Manufacturing, Assembling and Processing",Manufacturing and Catering,
Manufacturer (Plastic Products),"Non-Food Manufacturing, Assembling and Processing",Manufacturing and Catering,
Manufacturer (Glass Products),"Non-Food Manufacturing, Assembling and Processing",Manufacturing and Catering,
Manufacturer (Furniture),"Non-Food Manufacturing, Assembling and Processing",Manufacturing and Catering,
Manufacturer (Other),"Non-Food Manufacturing, Assembling and Processing",Manufacturing and Catering,
Manufacturer with Ancillary Retail,"Non-Food Manufacturing, Assembling and Processing",Manufacturing and Catering,
Food Processing,"Food Manufacturing, Assembling and Processing",Manufacturing and Catering,
Manufacturer - Food,"Food Manufacturing, Assembling and Processing",Manufacturing and Catering,
Manufacturer - Food with Ancillary Retail,"Food Manufacturing, Assembling and Processing",Manufacturing and Catering,
Caterer,Caterer,Manufacturing and Catering,
Club,Association or Society,Non-Profit,
Community Association,Association or Society,Non-Profit,
Soliciting for Charity,Soliciting for Charity,Non-Profit,
Veterinarian,Animal Services Animal Services – Animal Clinic of Hospital,Other Services,
Kennel,Animal Services Animal Services – Animal Clinic of Hospital,Other Services,
Animal Daycare,Animal Services Animal Services – Animal Clinic of Hospital,Other Services,
Animal Grooming,Animal Services Animal Services – Animal Clinic of Hospital,Other Services,
Animal Services (other),Animal Services Animal Services – Animal Clinic of Hospital,Other Services,
Animal Training,Animal Services Animal Services – Animal Clinic of Hospital,Other Services,
Animal Walking,Animal Services Animal Services – Animal Clinic of Hospital,Other Services,
Animal Transportation,Animal Services Animal Services – Animal Clinic of Hospital,Other Services,
Animal Sitting,Animal Services Animal Services – Animal Clinic of Hospital,Other Services,
Animal Control,Animal Services Animal Services – Animal Clinic of Hospital,Other Services,
Animal Washing,Animal Services Animal Services – Animal Clinic of Hospital,Other Services,
Livery and Feed Stables,Animal Services Animal Services – Animal Clinic of Hospital,Other Services,
Laundry with equipment,Laundry Services,Other Services,
Laundry Depot,Laundry Services,Other Services,
Dry Cleaner,Laundry Services,Other Services,
Laundry-Coin Operated Services,Laundry Services,Other Services,
Currency Exchange,Money Services,Other Services,
Money Sending Service,Money Services,Other Services,
Cheque Cashing,Money Services,Other Services,
Bank Machine,Money Services,Other Services,
Money Lending Service,Money Services,Other Services,
Errand Service,Personal Services,Other Services,
Accommodation Finding,Personal Services,Other Services,
Shopping Service,Personal Services,Other Services,
Decorating Service,Personal Services,Other Services,
Cleaning Service,Personal Services,Other Services,
Other Personal Services,Personal Services,Other Services,
Cook / Chef,Personal Services,Other Services,
Dating Service,Personal Services,Other Services,
Psychic / Fortune Teller,Personal Services,Other Services,
Seamstress/Tailor,Personal Services,Other Services,
Funeral Services,Personal Services,Other Services,
Wedding Chapel,Personal Services,Other Services,
Duplicating,"Printing, Imaging and Photo Services",Other Services,
Printing (Other),"Printing, Imaging and Photo Services",Other Services,
Blueprint,"Printing, Imaging and Photo Services",Other Services,
Typesetting,"Printing, Imaging and Photo Services",Other Services,
Silk Screen,"Printing, Imaging and Photo Services",Other Services,
Pre-press,"Printing, Imaging and Photo Services",Other Services,
Photocopy,"Printing, Imaging and Photo Services",Other Services,
Laminating,"Printing, Imaging and Photo Services",Other Services,
Sign Writer,"Printing, Imaging and Photo Services",Other Services,
Photo Services (Other),"Printing, Imaging and Photo Services",Other Services,
Photo Identification Service,"Printing, Imaging and Photo Services",Other Services,
Microfilm,"Printing, Imaging and Photo Services",Other Services,
Photo Editing,"Printing, Imaging and Photo Services",Other Services,
Photo Finishing,"Printing, Imaging and Photo Services",Other Services,
Computer Time Rental,Rental Services,Other Services,
Equipment Rental,Rental Services,Other Services,
Postal Rental Agency,Rental Services,Other Services,
Rentals (Other),Rental Services,Other Services,
Video Rental,Rental Services,Other Services,
Party Supplies Rental,Rental Services,Other Services,
Security Consultants,Security Services,Other Services,
Electronic Locking Device Installer,Security Services,Other Services,
Security Guard,Security Services,Other Services,
Retail Alarms,Security Services,Other Services,
Security Services (Other),Security Services,Other Services,
Private Investigator,Security Services,Other Services,
Closed Circuit TV Installer,Security Services,Other Services,
Security Patrol,Security Services,Other Services,
Alarm Monitoring,Security Services,Other Services,
Body Guard / Protection,Security Services,Other Services,
Locksmith,Security Services,Other Services,
Tour Operator/Guide,Tourism Services,Other Services,
Tourist Service,Tourism Services,Other Services,
Travel Agent / Agency,Tourism Services,Other Services,
Boat Charter Services,Tourism Services,Other Services,
Architect,Architectural and Engineering Services,"Professional, Scientific and Business Services",
Engineer,Architectural and Engineering Services,"Professional, Scientific and Business Services",
Surveyor,Architectural and Engineering Services,"Professional, Scientific and Business Services",
Drafting Service,Architectural and Engineering Services,"Professional, Scientific and Business Services",
Dental reception,Business Support Services,"Professional, Scientific and Business Services",
Administration,Business Support Services,"Professional, Scientific and Business Services",
Answering and Paging Services,Business Support Services,"Professional, Scientific and Business Services",
Secretarial Services,Business Support Services,"Professional, Scientific and Business Services",
Word Processing,Business Support Services,"Professional, Scientific and Business Services",
Info / Research Service,Business Support Services,"Professional, Scientific and Business Services",
Technical Writer,Business Support Services,"Professional, Scientific and Business Services",
Interpreter/Translator,Business Support Services,"Professional, Scientific and Business Services",
Business Services,Business Support Services,"Professional, Scientific and Business Services",
Student Placement,Business Support Services,"Professional, Scientific and Business Services",
Evaluation Service,Business Support Services,"Professional, Scientific and Business Services",
Career Guidance,Business Support Services,"Professional, Scientific and Business Services",
Student Recruiting,Business Support Services,"Professional, Scientific and Business Services",
Educational (Other),Business Support Services,"Professional, Scientific and Business Services",
Employment Agency,Business Support Services,"Professional, Scientific and Business Services",
Referral Services,Business Support Services,"Professional, Scientific and Business Services",
Recruiting Services,Business Support Services,"Professional, Scientific and Business Services",
Office (Other),Business Support Services,"Professional, Scientific and Business Services",
Teacher Recruiting,Business Support Services,"Professional, Scientific and Business Services",
Consultant,Consulting and Management Services,"Professional, Scientific and Business Services",
Bank,Financial Institution,"Professional, Scientific and Business Services",
Credit Union,Financial Institution,"Professional, Scientific and Business Services",
Trust Company,Financial Institution,"Professional, Scientific and Business Services",
Accountant / Auditor,Financial Services,"Professional, Scientific and Business Services",
Tax Services,Financial Services,"Professional, Scientific and Business Services",
Bookkeeping,Financial Services,"Professional, Scientific and Business Services",
Merchant Bank Loan,Financial Services,"Professional, Scientific and Business Services",
Financial Planner,Financial Services,"Professional, Scientific and Business Services",
Solvency Service,Financial Services,"Professional, Scientific and Business Services",
GST Refund,Financial Services,"Professional, Scientific and Business Services",
Collection Agent,Financial Services,"Professional, Scientific and Business Services",
Professional Fund Raiser,Financial Services,"Professional, Scientific and Business Services",
Finance Agent,Financial Services,"Professional, Scientific and Business Services",
Financial Executor,Financial Services,"Professional, Scientific and Business Services",
Mortgage Company,Financial Services,"Professional, Scientific and Business Services",
Investment Company,Financial Services,"Professional, Scientific and Business Services",
Stock Exchange,Financial Services,"Professional, Scientific and Business Services",
Credit Card Service,Financial Services,"Professional, Scientific and Business Services",
Bankruptcy,Financial Services,"Professional, Scientific and Business Services",
Financial Services (Other),Financial Services,"Professional, Scientific and Business Services",
Insurance Adjuster,Insurance Services,"Professional, Scientific and Business Services",
Appraisal Service,Insurance Services,"Professional, Scientific and Business Services",
Insurance Agent,Insurance Services,"Professional, Scientific and Business Services",
Insurance Company,Insurance Services,"Professional, Scientific and Business Services",
Laboratory,Laboratory Services,"Professional, Scientific and Business Services",
Notary Public,Legal Services,"Professional, Scientific and Business Services",
Barrister and Solicitor,Legal Services,"Professional, Scientific and Business Services",
Process Server,Legal Services,"Professional, Scientific and Business Services",
Advertising Agent,"Marketing, Public Relations, Advertising and Event Promotion Services","Professional, Scientific and Business Services",
Event Promoter,"Marketing, Public Relations, Advertising and Event Promotion Services","Professional, Scientific and Business Services",
Event Coordinator,"Marketing, Public Relations, Advertising and Event Promotion Services","Professional, Scientific and Business Services",
Marketing (Telecommunications),"Marketing, Public Relations, Advertising and Event Promotion Services","Professional, Scientific and Business Services",
Real Estate Development / Investment,Real Estate Services,"Professional, Scientific and Business Services",
Property Manager,Real Estate Services,"Professional, Scientific and Business Services",
Management Company,Real Estate Services,"Professional, Scientific and Business Services",
Real Estate Appraisal (Appraisal Service),Real Estate Services,"Professional, Scientific and Business Services",
Fire Extinguisher Inspection,Real Estate Services,"Professional, Scientific and Business Services",
Inspection / Testing,Real Estate Services,"Professional, Scientific and Business Services",
Real Estate Dealer,Real Estate Services,"Professional, Scientific and Business Services",
Amusement Park,Amusement Park,Recreation,
Casino Class 1,Bingo Hall / Casino / Horse Racing,Recreation,
Casino Class 2,Bingo Hall / Casino / Horse Racing,Recreation,
Horse Racing,Bingo Hall / Casino / Horse Racing,Recreation,
Bingo Hall,Bingo Hall / Casino / Horse Racing,Recreation,
Curling Facility,Entertainment Facility,Recreation,
Laser Tag,Entertainment Facility,Recreation,
Family Sports & Entertainment Centre,Entertainment Facility,Recreation,
Entertainment Centre,Entertainment Facility,Recreation,
Bowling Alley,Entertainment Facility,Recreation,
Billiard Room Keeper,Entertainment Facility,Recreation,
Arcade,Entertainment Facility,Recreation,
Fitness Centre – Class 1,Fitness Centre – Class 1 Fitness Centre – Class 2,Recreation,
Fitness Centre – Class 2,Fitness Centre – Class 1 Fitness Centre – Class 2,Recreation,
Recycling Depot - Scrap Metal Depot,Recycling and Resource Recovery Services,Recreation,
Recycling Depot - Paper Depot,Recycling and Resource Recovery Services,Recreation,
Recycling Depot - Other,Recycling and Resource Recovery Services,Recycling and Waste Collection / Hauling,
Recycling Depot - Bottle Depot,Recycling and Resource Recovery Services,Recycling and Waste Collection / Hauling,
Auto Wrecker,Recycling and Resource Recovery Services,Recycling and Waste Collection / Hauling,
Donation Bin,Recycling and Resource Recovery Services,Recycling and Waste Collection / Hauling,
Scavenging,Waste Collection and Hauling Services,Recycling and Waste Collection / Hauling,
Junk Dealer,Waste Collection and Hauling Services,Recycling and Waste Collection / Hauling,
Hotel/Motel,Hotel or Motel,Rental Accommodation,
Hotel Lobby,Hotel or Motel,Rental Accommodation,
Swimming Pool,Hotel or Motel,Rental Accommodation,
Bed and Breakfast,Bed and Breakfast,Rental Accommodation,
Short-term Rental Operator,Short-term Rental Operator,Rental Accommodation,
Pre-1956 Dwelling,Long-term Rental,Rental Accommodation,
Apartment House - 99 Year Lease,Long-term Rental,Rental Accommodation,
Multiple Dwelling,Long-term Rental,Rental Accommodation,
Apartment House,Long-term Rental,Rental Accommodation,
Retirement Residence,Long-term Rental,Rental Accommodation,
Residential / Commercial,Long-term Rental,Rental Accommodation,
Apartment House Strata,Long-term Rental,Rental Accommodation,
Duplex,Long-term Rental,Rental Accommodation,
Duplex - Strata,Long-term Rental,Rental Accommodation,
Non-profit Housing,Long-term Rental,Rental Accommodation,
Rooming House,Long-term Rental,Rental Accommodation,
One-Family Dwelling – Primary (1 Rental),Long-term Rental,Rental Accommodation,
One-Family Dwelling – Laneway Rental,Long-term Rental,Rental Accommodation,
One-Family Dwelling – Primary (1 Rental) and Laneway,Long-term Rental,Rental Accommodation,
Secondary Suite – Permanent – Primary (1 Rental),Long-term Rental,Rental Accommodation,
Secondary Suite – Permanent – Primary (2 Rentals),Long-term Rental,Rental Accommodation,
Secondary Suite – Permanent – Laneway Rental,Long-term Rental,Rental Accommodation,
Laneway Rental -SL,Long-term Rental,Rental Accommodation,
Secondary Suite – Permanent – Primary (1 Rental) and Laneway,Long-term Rental,Rental Accommodation,
Secondary Suite – Permanent – Primary (2 Rentals) and Laneway,Long-term Rental,Rental Accommodation,
Single Room Accommodation Operator,Long-term Rental,Rental Accommodation,
Shoe Shine,General Repair and Maintenance Services,Repair and Maintenance,
Art Restoration,General Repair and Maintenance Services,Repair and Maintenance,
Tool Filer/Sharpener,General Repair and Maintenance Services,Repair and Maintenance,
Window Tinting,General Repair and Maintenance Services,Repair and Maintenance,
Fabric Cutting/Protection,General Repair and Maintenance Services,Repair and Maintenance,
Furniture Refinishing,General Repair and Maintenance Services,Repair and Maintenance,
Key Cutting/Engraving,General Repair and Maintenance Services,Repair and Maintenance,
Monumental Works,General Repair and Maintenance Services,Repair and Maintenance,
Carpet / Upholstery Cleaner,General Repair and Maintenance Services,Repair and Maintenance,
Boot and Shoe Repairs,General Repair and Maintenance Services,Repair and Maintenance,
Piano Tuner,General Repair and Maintenance Services,Repair and Maintenance,
Repair/ Service/Maintenance (items related),General Repair and Maintenance Services,Repair and Maintenance,
Pool Maintenance,Building Repair and Maintenance Services,Repair and Maintenance,
Power / Pressure Washing,Building Repair and Maintenance Services,Repair and Maintenance,
Chimney Sweep,Building Repair and Maintenance Services,Repair and Maintenance,
Window Cleaner,Building Repair and Maintenance Services,Repair and Maintenance,
Pest Control/Exterminator,Building Repair and Maintenance Services,Repair and Maintenance,
Janitorial Services,Building Repair and Maintenance Services,Repair and Maintenance,
Repair/ Service/Maintenance (building related),Building Repair and Maintenance Services,Repair and Maintenance,
Auto Repair,"Vehicle Repair, Detailing and Washing Services",Repair and Maintenance,
Auto Detailing,"Vehicle Repair, Detailing and Washing Services",Repair and Maintenance,
Auto Painter and Body Shop,"Vehicle Repair, Detailing and Washing Services",Repair and Maintenance,
Auto Washer,"Vehicle Repair, Detailing and Washing Services",Repair and Maintenance,
,Forestry Services,Resource Industry,N/A (New category)
Mining Exploration,Mining Services,Resource Industry,
,"Oil, Gas and other Fuels Services",Resource Industry,N/A (New category)
Farmers’ Market,Food Market,Retail Trade,
Community Food Market,Food Market,Retail Trade,
Marine Station,Gas Station,Retail Trade,
Split-Island Station,Gas Station,Retail Trade,
Self-Serve Station,Gas Station,Retail Trade,
Card Lock Station,Marine Service Station,Retail Trade,
Full-Serve Station,Marine Service Station,Retail Trade,
Gasoline station with charging,Marine Service Station,Retail Trade,
Retail Dealer – Grocery,Grocery Store,Retail Trade,
Market Outlet - Food,Grocery Store,Retail Trade,
Wine,Liquor Retail Store,Retail Trade,
Beer & Wine,Liquor Retail Store,Retail Trade,
Full Service,Liquor Retail Store,Retail Trade,
Brewery (ancillary to Manufacturer-Food),Liquor Retail Store,Retail Trade,
Specialty Wine,Liquor Retail Store,Retail Trade,
Beer Only,Liquor Retail Store,Retail Trade,
U-Brew/U-Vin,Liquor Retail Store,Retail Trade,
Pharmacy,Pharmacy,Retail Trade,
Small Pharmacy,Pharmacy,Retail Trade,
Furnishings,Retail Dealer,Retail Trade,
Retail Dealer (Other),Retail Dealer,Retail Trade,
Antique Dealer,Retail Dealer,Retail Trade,
Books/Stationary,Retail Dealer,Retail Trade,
Mail Order,Retail Dealer,Retail Trade,
Clothing/Shoes,Retail Dealer,Retail Trade,
Sports & Leisure Equipment,Retail Dealer,Retail Trade,
Department Store,Retail Dealer,Retail Trade,
Electronics,Retail Dealer,Retail Trade,
Hardware/Garden Supplies,Retail Dealer,Retail Trade,
Gifts/Novelties,Retail Dealer,Retail Trade,
Flowers,Retail Dealer,Retail Trade,
Art Gallery,Retail Dealer,Retail Trade,
Jeweller,Retail Dealer,Retail Trade,
Kiosk - Permanent,Retail Dealer,Retail Trade,
Kiosk - Temporary,Retail Dealer,Retail Trade,
Christmas Tree lot,Retail Dealer,Retail Trade,
Auto Dealer,Retail Dealer,Retail Trade,
Machinery Dealer,Retail Dealer,Retail Trade,
Peddler,Retail Dealer,Retail Trade,
Pet Store,Retail Dealer,Retail Trade,
Transient Trader/Peddler-Annual,Retail Dealer,Retail Trade,
Transient Trader/Peddler-Weekly,Retail Dealer,Retail Trade,
Public Market - Daily,Retail Dealer,Retail Trade,
Public Market - Annual,Retail Dealer,Retail Trade,
Market Outlet - non-food,Retail Dealer,Retail Trade,
Vitamins/Health Food,Retail Dealer – Food,Retail Trade,
Butcher/Seafood,Retail Dealer – Food,Retail Trade,
Bakery,Retail Dealer – Food,Retail Trade,
Retail Dealer-Food (other),Retail Dealer – Food,Retail Trade,
Produce,Retail Dealer – Food,Retail Trade,
Convenience Store,Retail Dealer – Food,Retail Trade,
Confections,Retail Dealer – Food,Retail Trade,
Peddler-Food,Retail Dealer – Food,Retail Trade,
Retail Dealer - Cannabis,Retail Dealer - Cannabis,Retail Trade,
Pawnbroker,Retail Dealer – Used Goods,Retail Trade,
Secondhand Dealer - Class 1,Retail Dealer – Used Goods,Retail Trade,
Secondhand Dealer - Class 2,Retail Dealer – Used Goods,Retail Trade,
Secondhand Dealer - Class 3,Retail Dealer – Used Goods,Retail Trade,
Secondhand Dealer - Class 4,Retail Dealer – Used Goods,Retail Trade,
Secondhand Dealer - Class 5,Retail Dealer – Used Goods,Retail Trade,
Secondhand Dealer - Class 6,Retail Dealer – Used Goods,Retail Trade,
Mobile Food Vendor,Street Vendor,Retail Trade,
Auto Parking,Parking Area / Garage,Transportation and Logistics,
Auto Parking Small,Parking Area / Garage,Transportation and Logistics,
Auto Parking with EV Charging,Parking Area / Garage,Transportation and Logistics,
Backyard Pay Parking,Parking Area / Garage,Transportation and Logistics,
Shipping Agent,Logistics Services,Transportation and Logistics,
Freight Forwarding,Logistics Services,Transportation and Logistics,
Mailing Service,Logistics Services,Transportation and Logistics,
Moving/Transfer Service (Courier/Messenger),Logistics Services,Transportation and Logistics,
Moving/Transfer Service (Goods),Logistics Services,Transportation and Logistics,
Moving/Transfer Service (Transport),Logistics Services,Transportation and Logistics,
Moving/Transfer Service (Delivery),Logistics Services,Transportation and Logistics,
Moving/Transfer Service (Other),Logistics Services,Transportation and Logistics,
Dairy Delivery Services,Logistics Services,Transportation and Logistics,
Liquor Delivery Services,Logistics Services,Transportation and Logistics,
Marina Operator,Marina Operator,Transportation and Logistics,
Live Aboard (21 feet or under),Marina Operator,Transportation and Logistics,
Live Aboard (21 feet to under 26 feet),Marina Operator,Transportation and Logistics,
Live Aboard (26 feet to under 31 feet),Marina Operator,Transportation and Logistics,
Live Aboard (31 feet to under 37 feet),Marina Operator,Transportation and Logistics,
Live Aboard (More than 37 feet),Marina Operator,Transportation and Logistics,
Public Bike Share,Transportation and Support Services,Transportation and Logistics,
Passenger Directed Vehicle Services,Transportation and Support Services,Transportation and Logistics,
Marine Services (Marine Transport),Transportation and Support Services,Transportation and Logistics,
Marine Services (Stevedore),Transportation and Support Services,Transportation and Logistics,
Marine Services (Marine Maintenance),Transportation and Support Services,Transportation and Logistics,
Marine Services (Cruise Ship Supplies),Transportation and Support Services,Transportation and Logistics,
Marine Services (Other),Transportation and Support Services,Transportation and Logistics,
Ship’s Chandler,Transportation and Support Services,Transportation and Logistics,
Valet Parking Services,Transportation and Support Services,Transportation and Logistics,
Packing/Packaging,Warehouse Operator,Transportation and Logistics,
Warehouse Operator (General Warehousing),Warehouse Operator,Transportation and Logistics,
Warehouse Operator – Food,Warehouse Operator,Transportation and Logistics,
Auctioneer,Brokerage Services,Wholesale Trade,
Broker,Brokerage Services,Wholesale Trade,
Manufacturer’s Agent,Brokerage Services,Wholesale Trade,
Wholesale Dealer,Wholesale Dealer – Non Food Wholesale Dealer - Food,Wholesale Trade,
Wholesale Dealer – Food,Wholesale Dealer – Non Food Wholesale Dealer - Food,Wholesale Trade,
Auto Wholesaler,Wholesale Dealer – Non Food Wholesale Dealer - Food,Wholesale Trade,
Lumber Yard,Wholesale Dealer – Non Food Wholesale Dealer - Food,Wholesale Trade,
