local_area,year,median_land_value,mean_land_value,total_land_value,property_count,yoy_change_pct,cumulative_growth_pct
Arbutus Ridge,2006,615000.0,670040.61,2909465077.2,4342,,-24.54
Arbutus Ridge,2007,815000.0,859815.12,3738962785.44,4349,32.52,0.0
Arbutus Ridge,2008,950000.0,1008016.82,4407085828.0,4372,16.56,16.56
Arbutus Ridge,2009,946000.0,1003684.13,4409082027.32,4393,-0.42,16.07
Arbutus Ridge,2010,955000.0,1006430.54,4435927159.73,4408,0.95,17.18
Arbutus Ridge,2011,1090000.0,1182015.88,5227193376.29,4422,14.14,33.74
Arbutus Ridge,2012,1343000.0,1490883.82,6599480709.57,4427,23.21,64.79
Arbutus Ridge,2013,1320000.0,1427118.09,6350081805.77,4450,-1.71,61.96
Arbutus Ridge,2014,1320000.0,1440416.21,6425134968.78,4461,0.0,61.96
Arbutus Ridge,2015,1415000.0,1557722.68,6969678076.81,4474,7.2,73.62
Arbutus Ridge,2016,1791000.0,1886906.95,8457301882.13,4482,26.57,119.75
Arbutus Ridge,2017,2524000.0,2586586.97,11594795112.41,4483,40.93,209.69
Arbutus Ridge,2018,2430000.0,2622398.27,11676091910.81,4452,-3.72,198.16
Arbutus Ridge,2019,2060000.0,2426939.41,10814150790.61,4456,-15.23,152.76
Arbutus Ridge,2020,1835000.0,2138768.87,9536000451.81,4459,-10.92,125.15
Arbutus Ridge,2021,2062000.0,2214829.16,9894315162.41,4467,12.37,153.01
Arbutus Ridge,2022,2344000.0,2505053.13,11213414411.41,4476,13.68,187.61
Arbutus Ridge,2023,2379000.0,2523741.47,11270671017.86,4466,1.49,191.9
Arbutus Ridge,2024,2425000.0,2592037.4,11574836312.77,4466,1.93,197.55
Arbutus Ridge,2025,2411000.0,2583808.38,11554992592.02,4472,-0.58,195.83
Arbutus Ridge,2026,2218000.0,2315001.34,10389165785.29,4488,-8.0,172.15
Downtown,2006,169000.0,459558.39,12573004722.06,27359,,-24.89
Downtown,2007,225000.0,575412.54,16873259185.26,29324,33.14,0.0
Downtown,2008,221000.0,623317.99,19046416124.74,30556,-1.78,-1.78
Downtown,2009,223000.0,596581.93,19401972652.84,32522,0.9,-0.89
Downtown,2010,222000.0,539106.02,18297413722.67,33940,-0.45,-1.33
Downtown,2011,243000.0,610561.66,21381239391.98,35019,9.46,8.0
Downtown,2012,260000.0,654310.85,23600012888.94,36069,7.0,15.56
Downtown,2013,256000.0,678041.03,24520609956.13,36164,-1.54,13.78
Downtown,2014,244000.0,678832.12,25042856872.43,36891,-4.69,8.44
Downtown,2015,257000.0,754929.05,28180890072.47,37329,5.33,14.22
Downtown,2016,293000.0,863303.17,32539721356.1,37692,14.01,30.22
Downtown,2017,435000.0,1150626.16,44202895274.73,38416,48.46,93.33
Downtown,2018,519000.0,1395312.54,54438064521.52,39015,19.31,130.67
Downtown,2019,568000.0,1575052.85,61874403080.35,39284,9.44,152.44
Downtown,2020,509000.0,1418642.41,57341907648.92,40420,-10.39,126.22
Downtown,2021,525000.0,1347836.08,55018044766.6,40820,3.14,133.33
Downtown,2022,552000.0,1421823.77,58668729686.19,41263,5.14,145.33
Downtown,2023,593000.0,1421881.01,59450729153.71,41811,7.43,163.56
Downtown,2024,593000.0,1400483.62,58784855839.56,41975,0.0,163.56
Downtown,2025,574000.0,1320472.11,55992130578.65,42403,-3.2,155.11
Downtown,2026,548000.0,1176935.63,50013177029.66,42494,-4.53,143.56
Dunbar-Southlands,2006,771000.0,1054718.0,1903850362.59,1805,,-18.76
Dunbar-Southlands,2007,949000.0,1364959.52,2481081456.39,1818,23.09,0.0
Dunbar-Southlands,2008,1146000.0,1634115.49,2977495687.15,1822,20.76,20.76
Dunbar-Southlands,2009,1138000.0,1614173.74,2979267551.83,1846,-0.7,19.92
Dunbar-Southlands,2010,1164000.0,1586362.39,2931489817.12,1848,2.28,22.66
Dunbar-Southlands,2011,1381000.0,1890810.73,3499399057.84,1851,18.64,45.52
Dunbar-Southlands,2012,1702000.0,2319589.58,4322875281.63,1864,23.24,79.35
Dunbar-Southlands,2013,1692000.0,2284617.9,4261922701.83,1865,-0.59,78.29
Dunbar-Southlands,2014,1630000.0,2310524.91,4310991235.12,1866,-3.66,71.76
Dunbar-Southlands,2015,1815000.0,2594009.85,4842155174.4,1867,11.35,91.25
Dunbar-Southlands,2016,2206000.0,3115674.94,5811394283.1,1865,21.54,132.46
Dunbar-Southlands,2017,3105000.0,4210945.02,7862828133.0,1867,40.75,227.19
Dunbar-Southlands,2018,3025000.0,4172093.02,7781862993.6,1865,-2.58,218.76
Dunbar-Southlands,2019,2568000.0,3659707.13,6827059214.85,1865,-15.11,170.6
Dunbar-Southlands,2020,2186000.0,3081643.05,5751658702.72,1866,-14.88,130.35
Dunbar-Southlands,2021,2288000.0,3193644.12,5996156254.32,1878,4.67,141.1
Dunbar-Southlands,2022,2680000.0,3675836.46,6912983885.72,1881,17.13,182.4
Dunbar-Southlands,2023,2672000.0,3694720.35,6946133371.14,1880,-0.3,181.56
Dunbar-Southlands,2024,2759000.0,3737731.32,7025701428.51,1880,3.26,190.73
Dunbar-Southlands,2025,2823000.0,3776573.33,7111363110.45,1883,2.32,197.47
Dunbar-Southlands,2026,2592000.0,3450320.92,6489563713.92,1881,-8.18,173.13
Fairview,2006,208000.0,415299.27,1729826098.73,4165,,-21.8
Fairview,2007,266000.0,531451.35,2258508818.38,4250,27.88,0.0
Fairview,2008,275000.0,557453.06,2434752069.2,4368,3.38,3.38
Fairview,2009,274000.0,548396.85,2451489681.0,4470,-0.36,3.01
Fairview,2010,276000.0,576626.75,2651567364.63,4598,0.73,3.76
Fairview,2011,308000.0,645334.45,2966574055.17,4597,11.59,15.79
Fairview,2012,323000.0,692959.12,3231157499.02,4663,4.87,21.43
Fairview,2013,327000.0,720737.33,3376423740.14,4685,1.24,22.93
Fairview,2014,309000.0,705386.36,3384618677.44,4798,-5.5,16.17
Fairview,2015,319000.0,766845.82,3748182840.95,4888,3.24,19.92
Fairview,2016,360000.0,904153.79,4412404326.15,4880,12.85,35.34
Fairview,2017,471000.0,1172729.99,5703886587.31,4864,30.83,77.07
Fairview,2018,587000.0,1391396.26,6770467399.33,4866,24.63,120.68
Fairview,2019,633000.0,1498885.07,7301686719.24,4871,7.84,137.97
Fairview,2020,575000.0,1364526.43,6646673760.64,4871,-9.16,116.17
Fairview,2021,610000.0,1365677.56,6658743342.16,4876,6.09,129.32
Fairview,2022,664000.0,1448634.95,7064279915.42,4877,8.85,149.62
Fairview,2023,733000.0,1518199.0,7405167462.78,4878,10.39,175.56
Fairview,2024,741000.0,1526953.08,7432303637.67,4867,1.09,178.57
Fairview,2025,729000.0,1504539.63,7319374666.6,4865,-1.62,174.06
Fairview,2026,716000.0,1259760.66,6130851994.9,4867,-1.78,169.17
Hastings-Sunrise,2006,360000.0,394951.94,2970117151.52,7520,,-25.0
Hastings-Sunrise,2007,480000.0,521645.11,3932245862.21,7538,33.33,0.0
Hastings-Sunrise,2008,517000.0,589782.26,4457455152.58,7558,7.71,7.71
Hastings-Sunrise,2009,514000.0,584139.65,4473042979.96,7657,-0.58,7.08
Hastings-Sunrise,2010,501000.0,578067.37,4408452141.74,7626,-2.53,4.37
Hastings-Sunrise,2011,559000.0,640002.89,4892413152.51,7644,11.58,16.46
Hastings-Sunrise,2012,626000.0,699818.72,5370581715.01,7674,11.99,30.42
Hastings-Sunrise,2013,641000.0,728607.19,5600595831.8,7687,2.4,33.54
Hastings-Sunrise,2014,646000.0,737066.88,5688586371.46,7718,0.78,34.58
Hastings-Sunrise,2015,736000.0,827262.52,6415969320.03,7756,13.93,53.33
Hastings-Sunrise,2016,931000.0,1021122.07,7999790892.65,7834,26.49,93.96
Hastings-Sunrise,2017,1243000.0,1389642.43,10913856990.02,7854,33.51,158.96
Hastings-Sunrise,2018,1268000.0,1499640.8,11812699052.16,7877,2.01,164.17
Hastings-Sunrise,2019,1226000.0,1582464.63,12478616601.35,7886,-3.31,155.42
Hastings-Sunrise,2020,1086000.0,1439453.25,11409834831.0,7927,-11.42,126.25
Hastings-Sunrise,2021,1192000.0,1468530.55,11635260059.48,7923,9.76,148.33
Hastings-Sunrise,2022,1400000.0,1676202.54,13324008291.15,7949,17.45,191.67
Hastings-Sunrise,2023,1511000.0,1792148.2,14307271054.87,7983,7.93,214.79
Hastings-Sunrise,2024,1553000.0,1807227.65,14558451286.46,8056,2.78,223.54
Hastings-Sunrise,2025,1560000.0,1811747.31,14716906769.52,8123,0.45,225.0
Hastings-Sunrise,2026,1475000.0,1622564.47,13358633296.59,8233,-5.45,207.29
Kerrisdale,2006,837000.0,880185.5,1164045325.0,1322,,-24.12
Kerrisdale,2007,1103000.0,1143246.64,1513658550.0,1324,31.78,0.0
Kerrisdale,2008,1374000.0,1405961.81,1859384500.0,1322,24.57,24.57
Kerrisdale,2009,1374000.0,1409389.63,1861099000.0,1320,0.0,24.57
Kerrisdale,2010,1354000.0,1386023.33,1871131500.5,1350,-1.46,22.76
Kerrisdale,2011,1774000.0,1765088.92,2381987500.5,1350,31.02,60.83
Kerrisdale,2012,2325000.0,2316207.1,3165097000.5,1366,31.06,110.79
Kerrisdale,2013,2277000.0,2255680.6,3103816500.5,1376,-2.06,106.44
Kerrisdale,2014,2216000.0,2280194.4,3137547500.5,1376,-2.68,100.91
Kerrisdale,2015,2354000.0,2509427.07,3457990500.5,1378,6.23,113.42
Kerrisdale,2016,2787000.0,2893142.81,4051846500.5,1400,18.39,152.67
Kerrisdale,2017,3663000.0,3891057.21,5478608550.5,1408,31.43,232.09
Kerrisdale,2018,3670000.0,3890232.03,5471611350.5,1406,0.19,232.73
Kerrisdale,2019,3175000.0,3159509.4,5056794800.5,1600,-13.49,187.85
Kerrisdale,2020,2699000.0,2720123.18,4353557151.0,1600,-14.99,144.7
Kerrisdale,2021,2733000.0,2758380.22,4413408351.0,1600,1.26,147.78
Kerrisdale,2022,3190000.0,3068168.81,4913672351.0,1602,16.72,189.21
Kerrisdale,2023,3252000.0,3124558.11,5005542099.0,1602,1.94,194.83
Kerrisdale,2024,3352000.0,3180020.11,5121422394.5,1610,3.08,203.9
Kerrisdale,2025,3365000.0,3208598.48,5239641314.0,1633,0.39,205.08
Kerrisdale,2026,3119000.0,2942501.16,4816874400.5,1637,-7.31,182.77
Killarney,2006,329000.0,393887.18,2781112145.1,7061,,-18.97
Killarney,2007,406000.0,493371.22,3575967436.1,7248,23.4,0.0
Killarney,2008,444000.0,577558.37,4213771697.3,7296,9.36,9.36
Killarney,2009,443000.0,579570.62,4235713637.0,7308,-0.23,9.11
Killarney,2010,449000.0,570938.83,4188027003.6,7335,1.35,10.59
Killarney,2011,500000.0,639982.49,4700254100.02,7344,11.36,23.15
Killarney,2012,553000.0,713395.38,5248301403.92,7357,10.6,36.21
Killarney,2013,458000.0,693589.22,5392480708.12,7775,-17.18,12.81
Killarney,2014,452000.0,708670.02,5515495157.12,7783,-1.31,11.33
Killarney,2015,459000.0,775920.15,6065853576.52,7818,1.55,13.05
Killarney,2016,419000.0,874377.63,7319022534.32,8371,-8.71,3.2
Killarney,2017,522000.0,1137961.98,9753703136.1,8571,24.58,28.57
Killarney,2018,602000.0,1326176.04,11827561984.17,8919,15.33,48.28
Killarney,2019,614000.0,1518579.51,14441080698.94,9510,1.99,51.23
Killarney,2020,534000.0,1315864.36,13017089477.04,9892,-13.03,31.53
Killarney,2021,556000.0,1302622.8,13223314820.24,10151,4.12,36.95
Killarney,2022,589000.0,1404793.86,15116664980.71,10761,5.94,45.07
Killarney,2023,668000.0,1521921.33,16834534891.37,11061,13.41,64.53
Killarney,2024,658000.0,1491674.21,17029632993.44,11416,-1.5,62.07
Killarney,2025,655000.0,1453821.14,17047231876.58,11726,-0.46,61.33
Killarney,2026,647000.0,1364556.65,16054080000.29,11765,-1.22,59.36
Marpole,2006,517000.0,651126.96,2458518004.52,3776,,-22.72
Marpole,2007,669000.0,829079.57,3155163461.58,3806,29.4,0.0
Marpole,2008,749000.0,966319.02,3684315461.33,3813,11.96,11.96
Marpole,2009,747000.0,963735.15,3682762565.56,3821,-0.27,11.66
Marpole,2010,745000.0,965043.51,3693370115.43,3827,-0.27,11.36
Marpole,2011,925000.0,1164397.31,4459673148.12,3830,24.16,38.27
Marpole,2012,1140000.0,1453132.46,5582690794.3,3842,23.24,70.4
Marpole,2013,1130000.0,1443404.1,5559130885.7,3851,-0.88,68.91
Marpole,2014,1090000.0,1428352.57,5563116158.08,3895,-3.54,62.93
Marpole,2015,1195000.0,1592702.62,6376534660.14,4004,9.63,78.62
Marpole,2016,1525000.0,1917049.2,7631897459.64,3981,27.62,127.95
Marpole,2017,2051000.0,2481416.64,10556589085.03,4254,34.49,206.58
Marpole,2018,2030000.0,2496686.35,11160113065.93,4470,-1.02,203.44
Marpole,2019,1785000.0,2361078.82,11132762869.45,4715,-12.07,166.82
Marpole,2020,1505000.0,2033440.71,9791165451.39,4815,-15.69,124.96
Marpole,2021,1625000.0,2059584.31,9959472134.89,4836,7.97,142.9
Marpole,2022,1837000.0,2279035.75,11204045141.29,4916,13.05,174.59
Marpole,2023,1847000.0,2290758.05,11548636816.39,5041,0.54,176.08
Marpole,2024,1880000.0,2351262.24,11985815555.93,5098,1.79,181.02
Marpole,2025,1817000.0,2260703.15,11602859985.43,5132,-3.35,171.6
Marpole,2026,1451000.0,1979562.63,10422824806.72,5265,-20.14,116.89
Mount Pleasant,2006,299000.0,510862.52,14054165580.18,27511,,-21.73
Mount Pleasant,2007,382000.0,662186.74,18441214814.94,27849,27.76,0.0
Mount Pleasant,2008,399000.0,753742.21,21317293518.08,28282,4.45,4.45
Mount Pleasant,2009,387000.0,739921.03,21439697098.71,28976,-3.01,1.31
Mount Pleasant,2010,377000.0,736880.52,21794475030.2,29577,-2.58,-1.31
Mount Pleasant,2011,421000.0,820607.62,24712965373.5,30115,11.67,10.21
Mount Pleasant,2012,445000.0,920629.3,27953520443.68,30363,5.7,16.49
Mount Pleasant,2013,441000.0,922037.21,28703381780.7,31130,-0.9,15.45
Mount Pleasant,2014,425000.0,929713.35,29397902333.69,31620,-3.63,11.26
Mount Pleasant,2015,437000.0,1016308.72,32950414714.22,32422,2.82,14.4
Mount Pleasant,2016,490000.0,1217063.01,39772379098.31,32679,12.13,28.27
Mount Pleasant,2017,658000.0,1639817.33,54100005600.36,32991,34.29,72.25
Mount Pleasant,2018,767000.0,1786724.62,60050896037.96,33609,16.57,100.79
Mount Pleasant,2019,803000.0,1811190.33,61561299674.78,33989,4.69,110.21
Mount Pleasant,2020,736000.0,1627185.66,55719668121.46,34243,-8.34,92.67
Mount Pleasant,2021,767000.0,1640194.3,56277615306.04,34312,4.21,100.79
Mount Pleasant,2022,827000.0,1792685.94,62240245217.11,34719,7.82,116.49
Mount Pleasant,2023,909000.0,1874571.09,65009692287.38,34680,9.92,137.96
Mount Pleasant,2024,904000.0,1874254.01,65283820607.89,34832,-0.55,136.65
Mount Pleasant,2025,903000.0,1849989.5,64811397934.94,35033,-0.11,136.39
Mount Pleasant,2026,882000.0,1605664.35,56555898036.9,35223,-2.33,130.89
Oakridge,2006,760000.0,929485.26,4405130873.2,4739,,-23.0
Oakridge,2007,987000.0,1189271.73,5643266821.8,4745,29.87,0.0
Oakridge,2008,1198000.0,1417916.8,6729141057.8,4746,21.38,21.38
Oakridge,2009,1198000.0,1414868.59,6736652014.8,4761,0.0,21.38
Oakridge,2010,1199000.0,1452501.43,6954671265.58,4788,0.08,21.48
Oakridge,2011,1489000.0,1786106.87,8552949560.48,4789,24.19,50.86
Oakridge,2012,1973000.0,2352843.99,11320977074.18,4812,32.51,99.9
Oakridge,2013,1918000.0,2333377.87,11300717034.08,4843,-2.79,94.33
Oakridge,2014,1902000.0,2311449.3,11191184607.38,4842,-0.83,92.71
Oakridge,2015,2066000.0,2592591.11,12642376478.48,4876,8.62,109.32
Oakridge,2016,2457000.0,3042132.39,14918258244.47,4904,18.93,148.94
Oakridge,2017,3398000.0,3954894.05,19656416646.67,4970,38.3,244.28
Oakridge,2018,3316000.0,3993826.04,19969138210.97,5000,-2.41,235.97
Oakridge,2019,2942000.0,3627231.85,18712704130.66,5159,-11.28,198.07
Oakridge,2020,2474000.0,3015034.82,15780469156.33,5234,-15.91,150.66
Oakridge,2021,2612000.0,3092155.6,16143164170.43,5221,5.58,164.64
Oakridge,2022,2949000.0,3406406.37,17966569203.23,5274,12.9,198.78
Oakridge,2023,2993000.0,3444858.25,18550771830.9,5385,1.49,203.24
Oakridge,2024,3086000.0,3500350.66,18977963179.73,5422,3.11,212.66
Oakridge,2025,3095000.0,3462798.53,18934672369.06,5468,0.29,213.58
Oakridge,2026,2840000.0,3104494.49,17164796629.27,5529,-8.24,187.74
Renfrew-Collingwood,2006,357000.0,327996.81,1389688376.8,4237,,-21.88
Renfrew-Collingwood,2007,457000.0,417955.48,1846764714.8,4419,28.01,0.0
Renfrew-Collingwood,2008,498000.0,446526.71,1999428712.8,4478,8.97,8.97
Renfrew-Collingwood,2009,498000.0,446370.5,2000248712.4,4481,0.0,8.97
Renfrew-Collingwood,2010,489000.0,441040.36,1980682255.24,4491,-1.81,7.0
Renfrew-Collingwood,2011,556000.0,509738.01,2289857328.48,4492,13.7,21.66
Renfrew-Collingwood,2012,631000.0,580567.73,2632268523.68,4534,13.49,38.07
Renfrew-Collingwood,2013,644000.0,575046.27,2696194121.28,4689,2.06,40.92
Renfrew-Collingwood,2014,649000.0,588353.03,2754537105.48,4682,0.78,42.01
Renfrew-Collingwood,2015,712000.0,644769.95,3046491568.88,4725,9.71,55.8
Renfrew-Collingwood,2016,912000.0,801632.6,3796089473.28,4735,28.09,99.56
Renfrew-Collingwood,2017,1187000.0,1023173.34,5114827161.64,4999,30.15,159.74
Renfrew-Collingwood,2018,1200000.0,1069782.33,5493362238.4,5135,1.1,162.58
Renfrew-Collingwood,2019,1145000.0,1055490.2,5594397841.17,5300,-4.58,150.55
Renfrew-Collingwood,2020,977000.0,913045.25,4872119021.57,5336,-14.67,113.79
Renfrew-Collingwood,2021,1069000.0,988341.14,5287684413.17,5350,9.42,133.92
Renfrew-Collingwood,2022,1248000.0,1127976.06,6232392577.13,5525,16.74,173.09
Renfrew-Collingwood,2023,1347000.0,1215302.89,6752806180.7,5556,7.93,194.75
Renfrew-Collingwood,2024,1377000.0,1257646.52,7047458734.46,5604,2.23,201.31
Renfrew-Collingwood,2025,1352200.0,1241896.56,6971942713.84,5614,-1.8,195.89
Renfrew-Collingwood,2026,1177000.0,1149674.32,6507313009.9,5660,-12.96,157.55
Riley Park,2006,412000.0,560067.37,11121588147.5,19858,,-22.41
Riley Park,2007,531000.0,727454.9,14486768281.9,19914,28.88,0.0
Riley Park,2008,586000.0,851343.58,17084484596.85,20068,10.36,10.36
Riley Park,2009,584000.0,838574.73,16962145448.15,20227,-0.34,9.98
Riley Park,2010,598000.0,827693.37,16815897836.45,20317,2.4,12.62
Riley Park,2011,659000.0,960218.09,19585305372.78,20397,10.2,24.11
Riley Park,2012,795000.0,1196171.07,24686997245.78,20638,20.64,49.72
Riley Park,2013,804000.0,1163305.72,24074625826.88,20695,1.13,51.41
Riley Park,2014,819000.0,1190835.59,24706687595.73,20747,1.87,54.24
Riley Park,2015,931000.0,1336833.89,27820557260.64,20811,13.68,75.33
Riley Park,2016,1184000.0,1628424.15,34086397310.21,20932,27.18,122.98
Riley Park,2017,1578000.0,2238257.36,46942351581.84,20973,33.28,197.18
Riley Park,2018,1547000.0,2227797.24,47562165639.04,21349,-1.96,191.34
Riley Park,2019,1496000.0,2104312.12,45200958842.48,21480,-3.3,181.73
Riley Park,2020,1291000.0,1804292.52,39199561196.78,21726,-13.7,143.13
Riley Park,2021,1434000.0,1907752.97,41948864658.57,21989,11.08,170.06
Riley Park,2022,1665000.0,2182482.62,48424758564.07,22188,16.11,213.56
Riley Park,2023,1754000.0,2236963.71,49796145323.75,22261,5.35,230.32
Riley Park,2024,1830000.0,2279556.08,51266653183.99,22490,4.33,244.63
Riley Park,2025,1810000.0,2249016.28,51269836731.7,22797,-1.09,240.87
Riley Park,2026,1697000.0,2068697.65,47452595623.04,22938,-6.24,219.59
Shaughnessy,2006,945000.0,1205628.38,799370192.8,663,,-24.1
Shaughnessy,2007,1245000.0,1511067.76,1002291243.6,663,31.75,0.0
Shaughnessy,2008,1589000.0,1833424.64,1216601919.2,664,27.63,27.63
Shaughnessy,2009,1588000.0,1829264.25,1214821702.4,664,-0.06,27.55
Shaughnessy,2010,1673000.0,1949882.43,1293879585.74,664,5.35,34.38
Shaughnessy,2011,2059000.0,2361933.78,1568569669.74,664,23.07,65.38
Shaughnessy,2012,2799000.0,3298171.19,2190328678.14,664,35.94,124.82
Shaughnessy,2013,2835000.0,3317550.22,2216534924.14,668,1.29,127.71
Shaughnessy,2014,2732000.0,3224422.21,2155178012.54,668,-3.63,119.44
Shaughnessy,2015,3171000.0,3714802.65,2480953238.14,668,16.07,154.7
Shaughnessy,2016,3611000.0,4401072.96,2940462473.47,668,13.88,190.04
Shaughnessy,2017,4592000.0,5534055.8,3697435495.07,668,27.17,268.84
Shaughnessy,2018,4514000.0,5588170.04,3739581041.07,669,-1.7,262.57
Shaughnessy,2019,4093000.0,5033877.61,3368650763.47,669,-9.33,228.76
Shaughnessy,2020,3348000.0,4040947.37,2718264477.47,673,-18.2,168.92
Shaughnessy,2021,3547000.0,4184844.86,2812818361.47,672,5.94,184.9
Shaughnessy,2022,3902000.0,4641237.54,3114604558.67,671,10.01,213.41
Shaughnessy,2023,4005000.0,4809324.87,3244158950.28,675,2.64,221.69
Shaughnessy,2024,4044000.0,4867750.37,3282265659.63,674,0.97,224.82
Shaughnessy,2025,4100000.0,4902104.98,3317254443.05,677,1.38,229.32
Shaughnessy,2026,3876000.0,4399409.88,2972364496.67,676,-5.46,211.33
Strathcona,2006,280000.0,471237.72,1905114216.95,4043,,-16.42
Strathcona,2007,335000.0,605924.43,2558280822.78,4222,19.64,0.0
Strathcona,2008,335000.0,690443.01,3035585178.08,4397,0.0,0.0
Strathcona,2009,315000.0,658852.29,3078504434.3,4673,-5.97,-5.97
Strathcona,2010,294000.0,602233.49,2992238037.0,4969,-6.67,-12.24
Strathcona,2011,322000.0,666394.62,3420164414.08,5132,9.52,-3.88
Strathcona,2012,340000.0,702273.85,3688919540.5,5253,5.59,1.49
Strathcona,2013,326000.0,713844.05,3906048989.65,5472,-4.12,-2.69
Strathcona,2014,315000.0,755445.73,4190509574.1,5547,-3.37,-5.97
Strathcona,2015,335000.0,827103.61,4742796539.68,5734,6.35,0.0
Strathcona,2016,360000.0,953726.75,5625142357.31,5898,7.46,7.46
Strathcona,2017,505000.0,1269704.52,7804334036.09,6147,40.28,50.75
Strathcona,2018,601000.0,1537778.5,9689154831.29,6301,19.01,79.4
Strathcona,2019,646000.0,1727827.16,11091948865.16,6420,7.49,92.84
Strathcona,2020,585000.0,1587128.25,10381659808.55,6541,-9.44,74.63
Strathcona,2021,602000.0,1521369.29,9988577451.4,6566,2.91,79.7
Strathcona,2022,629000.0,1648396.13,11021324894.08,6686,4.49,87.76
Strathcona,2023,680000.0,1705168.75,11418176562.39,6696,8.11,102.99
Strathcona,2024,678000.0,1684242.69,11356954538.09,6743,-0.29,102.39
Strathcona,2025,666000.0,1622236.7,11018356592.88,6792,-1.77,98.81
Strathcona,2026,637000.0,1367096.14,9320614066.34,6818,-4.35,90.15
Sunset,2006,385000.0,448837.04,4872103160.2,10855,,-23.0
Sunset,2007,500000.0,571308.12,6210973973.1,10871,29.87,0.0
Sunset,2008,543000.0,627484.13,6832544149.02,10889,8.6,8.6
Sunset,2009,543000.0,628466.3,6850680541.12,10901,0.0,8.6
Sunset,2010,538000.0,628791.58,6869443654.12,10925,-0.92,7.6
Sunset,2011,610000.0,706795.8,7732797675.82,10941,13.38,22.0
Sunset,2012,735000.0,844744.14,9302454246.22,11012,20.49,47.0
Sunset,2013,745000.0,859858.64,9508578288.12,11058,1.36,49.0
Sunset,2014,744000.0,864002.6,9579487085.76,11087,-0.13,48.8
Sunset,2015,837000.0,954540.73,10590668545.66,11095,12.5,67.4
Sunset,2016,1073000.0,1197642.41,13291253427.18,11098,28.2,114.6
Sunset,2017,1453000.0,1617684.05,17979632879.06,11114,35.41,190.6
Sunset,2018,1426000.0,1610960.36,17981844049.86,11162,-1.86,185.2
Sunset,2019,1364000.0,1560663.54,17468374374.56,11193,-4.35,172.8
Sunset,2020,1174000.0,1352358.81,15158251769.04,11209,-13.93,134.8
Sunset,2021,1316000.0,1485536.11,16680501117.84,11229,12.1,163.2
Sunset,2022,1526000.0,1697998.07,19389687846.54,11419,15.96,205.2
Sunset,2023,1654000.0,1841979.68,21075187368.3,11442,8.39,230.8
Sunset,2024,1728000.0,1903508.65,21848537028.87,11478,4.47,245.6
Sunset,2025,1710000.0,1883406.67,21681837901.84,11512,-1.04,242.0
Sunset,2026,1613000.0,1762639.44,20356613584.44,11549,-5.67,222.6
West End,2006,189000.0,722817.49,3686278827.4,5100,,-23.48
West End,2007,247000.0,873264.79,4471840544.8,5121,30.69,0.0
West End,2008,246000.0,953521.7,4950961163.5,5192,-0.4,-0.4
West End,2009,245000.0,955513.52,4975077044.06,5207,-0.41,-0.81
West End,2010,239000.0,916738.53,4795450092.96,5231,-2.45,-3.24
West End,2011,277000.0,1035868.27,5419206990.46,5232,15.9,12.15
West End,2012,293000.0,1088045.98,5898019825.96,5421,5.78,18.62
West End,2013,291000.0,1200437.9,6507045670.36,5421,-0.68,17.81
West End,2014,269000.0,1195772.36,6543792518.76,5472,-7.56,8.91
West End,2015,276000.0,1330482.08,7377230446.86,5545,2.6,11.74
West End,2016,317000.0,1616903.67,8913448247.75,5513,14.86,28.34
West End,2017,461000.0,2217766.2,12173462832.84,5489,45.43,86.64
West End,2018,562000.0,2700521.24,14427345695.02,5342,21.91,127.53
West End,2019,601000.0,2986897.1,16085396671.11,5385,6.94,143.32
West End,2020,542000.0,2662583.08,14351815386.02,5390,-9.82,119.43
West End,2021,566000.0,2557771.01,13618212281.52,5324,4.43,129.15
West End,2022,604000.0,2628908.44,14218950810.02,5409,6.71,144.53
West End,2023,653000.0,2571932.6,13702678211.5,5328,8.11,164.37
West End,2024,674620.0,2567443.6,13896545220.52,5413,3.31,173.13
West End,2025,698000.0,2447374.91,14082782627.27,5754,3.47,182.59
West End,2026,675000.0,2160103.84,12431451607.61,5755,-3.3,173.28
